{"cameraMode":{"drawMode":0,"name":"Shaded","section":"Shading Mode"},"sceneLighting":true,"audioPlay":false,"sceneViewState":{"showFog":true,"showMaterialUpdate":false,"showSkybox":true,"showFlares":true,"showImageEffects":true,"showParticleSystems":true},"in2DMode":false,"pivot":{"x":-2.164193630218506,"y":0.6006244421005249,"z":-11.76112174987793},"rotation":{"x":-0.06628873944282532,"y":-0.1842176616191864,"z":0.012454329058527947,"w":-0.980568528175354},"size":11.503508567810059,"orthographic":true}